epoch,train_loss,train_recon_loss,train_cls_loss_real,train_cls_acc_real,val_loss,val_mse,val_mae,val_pearson,val_nonzero_mse,val_degraded_mse,val_degraded_mlp_acc,val_recon_mlp_acc,best_val_mse,is_best,eval_scope
1,0.28102680668234825,0.28102680668234825,0.0,0.0,0.13503095507621765,0.15825361013412476,0.3954791724681854,0.008463380858302116,0.15885043144226074,0.16293448209762573,0.42857142857142855,0.3333333333333333,0.15825361013412476,True,real-only
2,0.10442971996963024,0.10442971996963024,0.0,0.0,0.05631302297115326,0.06025144085288048,0.24351485073566437,-0.07880748063325882,0.06018814072012901,0.06180640310049057,0.42857142857142855,0.3333333333333333,0.06025144085288048,True,real-only
3,0.051625327207148075,0.051625327207148075,0.0,0.0,0.03194422647356987,0.02945651113986969,0.16973592340946198,-0.12365414947271347,0.029356742277741432,0.03036118857562542,0.42857142857142855,0.3333333333333333,0.02945651113986969,True,real-only
4,0.032900129444897175,0.032900129444897175,0.0,0.0,0.02217165194451809,0.018172943964600563,0.13244973123073578,-0.12238907814025879,0.018123246729373932,0.019035417586565018,0.42857142857142855,0.3333333333333333,0.018172943964600563,True,real-only
5,0.02421918185427785,0.02421918185427785,0.0,0.0,0.01728552207350731,0.012867019511759281,0.11054489016532898,-0.10013033449649811,0.012865880504250526,0.013749571517109871,0.42857142857142855,0.3333333333333333,0.012867019511759281,True,real-only
6,0.020131169352680445,0.020131169352680445,0.0,0.0,0.01433674804866314,0.009838488884270191,0.09568853676319122,-0.07163995504379272,0.009875990450382233,0.010742032900452614,0.42857142857142855,0.3333333333333333,0.009838488884270191,True,real-only
7,0.01738040358759463,0.01738040358759463,0.0,0.0,0.012337729800492525,0.007887709885835648,0.08464429527521133,-0.04761260375380516,0.007955248467624187,0.008807460777461529,0.42857142857142855,0.3333333333333333,0.007887709885835648,True,real-only
8,0.015530827455222607,0.015530827455222607,0.0,0.0,0.010903310496360064,0.006557101849466562,0.07609996944665909,-0.033261850476264954,0.0066487728618085384,0.007491542957723141,0.42857142857142855,0.3333333333333333,0.006557101849466562,True,real-only
9,0.01426098681986332,0.01426098681986332,0.0,0.0,0.009841534309089184,0.005616087932139635,0.06935331225395203,-0.026477839797735214,0.005727746058255434,0.006567433476448059,0.42857142857142855,0.3333333333333333,0.005616087932139635,True,real-only
10,0.013060803525149822,0.013060803525149822,0.0,0.0,0.0090439198538661,0.004929353017359972,0.06394638121128082,-0.02392294630408287,0.0050576431676745415,0.0058975545689463615,0.42857142857142855,0.3333333333333333,0.004929353017359972,True,real-only
11,0.012355956714600325,0.012355956714600325,0.0,0.0,0.008416923694312572,0.004410766996443272,0.059492580592632294,-0.026090487837791443,0.004553144797682762,0.005395352840423584,0.42857142857142855,0.3333333333333333,0.004410766996443272,True,real-only
12,0.012002922361716628,0.012002922361716628,0.0,0.0,0.007914049783721566,0.00401158444583416,0.05578227341175079,-0.02993057481944561,0.004165936261415482,0.005011380184441805,0.42857142857142855,0.3333333333333333,0.00401158444583416,True,real-only
13,0.011737402528524399,0.011737402528524399,0.0,0.0,0.0074891645926982164,0.003687066026031971,0.05253809690475464,-0.03610753268003464,0.003852076595649123,0.004701063968241215,0.42857142857142855,0.3333333333333333,0.003687066026031971,True,real-only
14,0.01108392677269876,0.01108392677269876,0.0,0.0,0.00713225407525897,0.0034237473737448454,0.049722954630851746,-0.04233582317829132,0.003598109120503068,0.004450641572475433,0.42857142857142855,0.3333333333333333,0.0034237473737448454,True,real-only
15,0.011011175811290741,0.011011175811290741,0.0,0.0,0.006834124680608511,0.0032065820414572954,0.047261979430913925,-0.04986216500401497,0.0033892218489199877,0.004245086573064327,0.42857142857142855,0.3333333333333333,0.0032065820414572954,True,real-only
16,0.010641507338732481,0.010641507338732481,0.0,0.0,0.006586560746654868,0.0030225925147533417,0.045058105140924454,-0.058657459914684296,0.0032127334270626307,0.004071827046573162,0.42857142857142855,0.3333333333333333,0.0030225925147533417,True,real-only
17,0.010384302586317062,0.010384302586317062,0.0,0.0,0.006386723602190614,0.0028697417583316565,0.04313031584024429,-0.06425933539867401,0.0030665311496704817,0.00392838753759861,0.42857142857142855,0.3333333333333333,0.0028697417583316565,True,real-only
18,0.01004902389831841,0.01004902389831841,0.0,0.0,0.0062233442440629005,0.0027414998039603233,0.04143725335597992,-0.06821349263191223,0.002944254083558917,0.0038086851127445698,0.42857142857142855,0.3333333333333333,0.0027414998039603233,True,real-only
19,0.009586938424035907,0.009586938424035907,0.0,0.0,0.006084447028115392,0.0026319564785808325,0.03992689400911331,-0.07096290588378906,0.002840097527951002,0.003706897608935833,0.42857142857142855,0.3333333333333333,0.0026319564785808325,True,real-only
20,0.009706784039735794,0.009706784039735794,0.0,0.0,0.005963408853858709,0.0025366577319800854,0.03855665773153305,-0.07165184617042542,0.0027497236151248217,0.0036186454817652702,0.42857142857142855,0.3333333333333333,0.0025366577319800854,True,real-only
21,0.00982031982857734,0.00982031982857734,0.0,0.0,0.005854669958353043,0.002453186782076955,0.03730248287320137,-0.07168600708246231,0.002670802641659975,0.00354166142642498,0.42857142857142855,0.3333333333333333,0.002453186782076955,True,real-only
22,0.009606378385797143,0.009606378385797143,0.0,0.0,0.0057589884381741285,0.0023793622385710478,0.036149363964796066,-0.07233422249555588,0.0026011853478848934,0.0034739032853394747,0.42857142857142855,0.3333333333333333,0.0023793622385710478,True,real-only
23,0.009562634862959385,0.009562634862959385,0.0,0.0,0.005675465799868107,0.002313524717465043,0.035084377974271774,-0.07355279475450516,0.002539264038205147,0.003413815051317215,0.42857142857142855,0.3333333333333333,0.002313524717465043,True,real-only
24,0.009446015814319253,0.009446015814319253,0.0,0.0,0.005605648271739483,0.0022576681803911924,0.03415078669786453,-0.07185135781764984,0.0024868715554475784,0.0033630605321377516,0.42857142857142855,0.3333333333333333,0.0022576681803911924,True,real-only
25,0.009504100540652871,0.009504100540652871,0.0,0.0,0.005540748126804829,0.0022052761632949114,0.03324400261044502,-0.07245354354381561,0.002437870716676116,0.0033157826401293278,0.42857142857142855,0.3333333333333333,0.0022052761632949114,True,real-only
26,0.009215519647113979,0.009215519647113979,0.0,0.0,0.005486830836161971,0.0021605745423585176,0.03244516998529434,-0.07046757638454437,0.0023961542174220085,0.003275560913607478,0.42857142857142855,0.3333333333333333,0.0021605745423585176,True,real-only
27,0.009258945588953793,0.009258945588953793,0.0,0.0,0.005442676367238164,0.002121028956025839,0.03171921148896217,-0.06768284738063812,0.002359325997531414,0.0032401036005467176,0.42857142857142855,0.3333333333333333,0.002121028956025839,True,real-only
28,0.009383065975271165,0.009383065975271165,0.0,0.0,0.005403593648225069,0.0020837467163801193,0.031016690656542778,-0.06687621027231216,0.002324701054021716,0.003206782042980194,0.42857142857142855,0.3333333333333333,0.0020837467163801193,True,real-only
29,0.009153741993941367,0.009153741993941367,0.0,0.0,0.00536704994738102,0.0020489271264523268,0.030339423567056656,-0.06668863445520401,0.0022924512159079313,0.0031757818069308996,0.42857142857142855,0.3333333333333333,0.0020489271264523268,True,real-only
30,0.009001188445836306,0.009001188445836306,0.0,0.0,0.005335364956408739,0.0020193257369101048,0.029746878892183304,-0.06390169262886047,0.0022650822065770626,0.0031495087314397097,0.42857142857142855,0.3333333333333333,0.0020193257369101048,True,real-only
31,0.008981974562630057,0.008981974562630057,0.0,0.0,0.005306979874148965,0.0019919693004339933,0.029185138642787933,-0.06144334003329277,0.002239854307845235,0.003125327406451106,0.42857142857142855,0.3333333333333333,0.0019919693004339933,True,real-only
32,0.008812445099465549,0.008812445099465549,0.0,0.0,0.005281431367620826,0.0019672659691423178,0.028665024787187576,-0.05755084380507469,0.002217123517766595,0.003103512804955244,0.42857142857142855,0.3333333333333333,0.0019672659691423178,True,real-only
33,0.00909555982798338,0.00909555982798338,0.0,0.0,0.005259412806481123,0.001945117604918778,0.028188718482851982,-0.053372640162706375,0.0021967918146401644,0.00308405514806509,0.42857142857142855,0.3333333333333333,0.001945117604918778,True,real-only
34,0.00868878373876214,0.00868878373876214,0.0,0.0,0.005239913240075111,0.0019250030163675547,0.027746031060814857,-0.04987839236855507,0.0021783774718642235,0.003066473873332143,0.42857142857142855,0.3333333333333333,0.0019250030163675547,True,real-only
35,0.008897800231352448,0.008897800231352448,0.0,0.0,0.005221607396379113,0.0019062324427068233,0.02732299268245697,-0.04634416103363037,0.002161251148208976,0.0030501740984618664,0.42857142857142855,0.3333333333333333,0.0019062324427068233,True,real-only
36,0.008694316842593253,0.008694316842593253,0.0,0.0,0.005205421708524227,0.0018897735280916095,0.026944253593683243,-0.04193807393312454,0.002146253129467368,0.0030358629301190376,0.42857142857142855,0.3333333333333333,0.0018897735280916095,True,real-only
37,0.008919488056562841,0.008919488056562841,0.0,0.0,0.0051902534905821085,0.0018736548954620957,0.026565654203295708,-0.03842437267303467,0.0021316013298928738,0.003021933138370514,0.42857142857142855,0.3333333333333333,0.0018736548954620957,True,real-only
38,0.009008044144138694,0.009008044144138694,0.0,0.0,0.005175533005967736,0.0018579899333417416,0.026189113035798073,-0.035897936671972275,0.0021173793356865644,0.003008382162079215,0.42857142857142855,0.3333333333333333,0.0018579899333417416,True,real-only
39,0.00889409496448934,0.00889409496448934,0.0,0.0,0.005162273300811648,0.0018439973937347531,0.025845658034086227,-0.03258688747882843,0.0021047000773251057,0.0029963399283587933,0.42857142857142855,0.3333333333333333,0.0018439973937347531,True,real-only
40,0.008564520394429564,0.008564520394429564,0.0,0.0,0.005149677628651261,0.0018302095122635365,0.025500867515802383,-0.02847248874604702,0.002092246897518635,0.0029845088720321655,0.42857142857142855,0.3333333333333333,0.0018302095122635365,True,real-only
41,0.008887400501407683,0.008887400501407683,0.0,0.0,0.005137666594237089,0.0018172049894928932,0.02516910433769226,-0.023639503866434097,0.0020805345848202705,0.0029733991250395775,0.42857142857142855,0.3333333333333333,0.0018172049894928932,True,real-only
42,0.008739545824937522,0.008739545824937522,0.0,0.0,0.0051268222741782665,0.0018056309781968594,0.024867143481969833,-0.019670259207487106,0.002070138230919838,0.002963567152619362,0.42857142857142855,0.3333333333333333,0.0018056309781968594,True,real-only
43,0.008673359756357968,0.008673359756357968,0.0,0.0,0.005115815787576139,0.001793912728317082,0.024553734809160233,-0.01717188023030758,0.0020596531685441732,0.0029537142254412174,0.42857142857142855,0.3333333333333333,0.001793912728317082,True,real-only
44,0.008831531624309719,0.008831531624309719,0.0,0.0,0.00510614353697747,0.0017838362837210298,0.02427920326590538,-0.0137918246909976,0.0020506454166024923,0.002945241518318653,0.42857142857142855,0.3333333333333333,0.0017838362837210298,True,real-only
45,0.008586656069383025,0.008586656069383025,0.0,0.0,0.0050968785071745515,0.0017740764888003469,0.024008814245462418,-0.010460374876856804,0.00204193196259439,0.002937022363767028,0.42857142857142855,0.3333333333333333,0.0017740764888003469,True,real-only
46,0.008749312721192837,0.008749312721192837,0.0,0.0,0.0050890513230115175,0.0017656878335401416,0.023773742839694023,-0.0053290072828531265,0.002034443663433194,0.0029299503657966852,0.42857142857142855,0.3333333333333333,0.0017656878335401416,True,real-only
47,0.008626538328826427,0.008626538328826427,0.0,0.0,0.005081528332084417,0.0017575036035850644,0.023539232090115547,-0.0017041185637935996,0.002027166076004505,0.00292314519174397,0.42857142857142855,0.3333333333333333,0.0017575036035850644,True,real-only
48,0.008574155741371214,0.008574155741371214,0.0,0.0,0.005075863446108997,0.0017511211335659027,0.023356487974524498,0.005142292473465204,0.0020214777905493975,0.002917785430327058,0.42857142857142855,0.3333333333333333,0.0017511211335659027,True,real-only
49,0.008765782578848302,0.008765782578848302,0.0,0.0,0.005070086917839944,0.0017444234108552337,0.023161916062235832,0.011653325520455837,0.002015527803450823,0.0029121660627424717,0.42857142857142855,0.3333333333333333,0.0017444234108552337,True,real-only
50,0.008624400477856398,0.008624400477856398,0.0,0.0,0.005064964992925525,0.0017384722596034408,0.02298620715737343,0.0171827245503664,0.0020102474372833967,0.0029072058387100697,0.42857142857142855,0.3333333333333333,0.0017384722596034408,True,real-only
51,0.008683826657943428,0.008683826657943428,0.0,0.0,0.005059820949099958,0.0017324481159448624,0.022805247455835342,0.021658452227711678,0.0020049249287694693,0.00290220626629889,0.42857142857142855,0.3333333333333333,0.0017324481159448624,True,real-only
52,0.008632306242361665,0.008632306242361665,0.0,0.0,0.005055374465882778,0.0017266649520024657,0.022631121799349785,0.02795083448290825,0.001999800093472004,0.0028973310254514217,0.42857142857142855,0.3333333333333333,0.0017266649520024657,True,real-only
53,0.00882207986433059,0.00882207986433059,0.0,0.0,0.005050525884144008,0.001720416359603405,0.022439269348978996,0.03391648456454277,0.001994288992136717,0.0028921407647430897,0.42857142857142855,0.3333333333333333,0.001720416359603405,True,real-only
54,0.008504011668264866,0.008504011668264866,0.0,0.0,0.005045993602834642,0.0017146595055237412,0.02226003259420395,0.03982161357998848,0.001989231212064624,0.0028874026611447334,0.42857142857142855,0.3333333333333333,0.0017146595055237412,True,real-only
55,0.008417396107688546,0.008417396107688546,0.0,0.0,0.00504176237154752,0.0017093067290261388,0.022090833634138107,0.04532604664564133,0.0019845336209982634,0.002883004490286112,0.42857142857142855,0.3333333333333333,0.0017093067290261388,True,real-only
56,0.008844747208058834,0.008844747208058834,0.0,0.0,0.005037469789385796,0.0017039664089679718,0.021918365731835365,0.04913470149040222,0.00197985814884305,0.002878662198781967,0.42857142857142855,0.3333333333333333,0.0017039664089679718,True,real-only
57,0.008605380484368652,0.008605380484368652,0.0,0.0,0.005033825291320682,0.0016997121274471283,0.021780474111437798,0.0543634258210659,0.0019761344883590937,0.0028752062935382128,0.42857142857142855,0.3333333333333333,0.0016997121274471283,True,real-only
58,0.00871937454212457,0.00871937454212457,0.0,0.0,0.005031073815189302,0.0016966300318017602,0.02168108895421028,0.06072290614247322,0.0019734245724976063,0.0028726719319820404,0.42857142857142855,0.3333333333333333,0.0016966300318017602,True,real-only
59,0.008635021280497313,0.008635021280497313,0.0,0.0,0.005028479034081101,0.001693521742708981,0.02158074453473091,0.06774862110614777,0.0019706962630152702,0.002870108699426055,0.42857142857142855,0.3333333333333333,0.001693521742708981,True,real-only
60,0.008819977403618395,0.008819977403618395,0.0,0.0,0.005026166676543653,0.0016907528042793274,0.02149246446788311,0.07677318155765533,0.0019682571291923523,0.0028677633963525295,0.42857142857142855,0.3333333333333333,0.0016907528042793274,True,real-only
61,0.008763594552874565,0.008763594552874565,0.0,0.0,0.005024021957069635,0.0016882314812391996,0.02141241729259491,0.08552463352680206,0.001966031501069665,0.0028656297363340855,0.42857142857142855,0.3333333333333333,0.0016882314812391996,True,real-only
62,0.008709990768693388,0.008709990768693388,0.0,0.0,0.005021660472266376,0.0016852400731295347,0.021315522491931915,0.0933697372674942,0.0019634051714092493,0.0028631442692130804,0.42857142857142855,0.3333333333333333,0.0016852400731295347,True,real-only
63,0.00849223870318383,0.00849223870318383,0.0,0.0,0.005019548581913114,0.0016825369093567133,0.021227484568953514,0.1013692244887352,0.001961030997335911,0.0028609002474695444,0.42857142857142855,0.3333333333333333,0.0016825369093567133,True,real-only
64,0.008614760590717196,0.008614760590717196,0.0,0.0,0.005017749732360244,0.0016803853213787079,0.021158795803785324,0.1105862557888031,0.0019591301679611206,0.0028590508736670017,0.42857142857142855,0.3333333333333333,0.0016803853213787079,True,real-only
65,0.008579274406656623,0.008579274406656623,0.0,0.0,0.005015407456085086,0.0016772460658103228,0.021054120734333992,0.11877729743719101,0.0019563878886401653,0.0028564382810145617,0.42857142857142855,0.3333333333333333,0.0016772460658103228,True,real-only
66,0.008720936602912843,0.008720936602912843,0.0,0.0,0.005013125482946634,0.0016742461593821645,0.020952798426151276,0.12650397419929504,0.0019537678454071283,0.002853949088603258,0.42857142857142855,0.3333333333333333,0.0016742461593821645,True,real-only
67,0.00878457073122263,0.00878457073122263,0.0,0.0,0.005010772030800581,0.0016711512580513954,0.02084481529891491,0.1320386528968811,0.0019510869169607759,0.0028514566365629435,0.42857142857142855,0.3333333333333333,0.0016711512580513954,True,real-only
68,0.008479994314257056,0.008479994314257056,0.0,0.0,0.0050089177675545216,0.0016688398318365216,0.020764803513884544,0.13800418376922607,0.0019490791019052267,0.0028495690785348415,0.42857142857142855,0.3333333333333333,0.0016688398318365216,True,real-only
69,0.008683354943059385,0.008683354943059385,0.0,0.0,0.0050067061092704535,0.0016660260735079646,0.020664501935243607,0.14281855523586273,0.0019466481171548367,0.002847309922799468,0.42857142857142855,0.3333333333333333,0.0016660260735079646,True,real-only
70,0.008843793999403715,0.008843793999403715,0.0,0.0,0.0050045562675222754,0.0016635904321447015,0.02057672291994095,0.14756405353546143,0.0019445528741925955,0.0028453865088522434,0.42857142857142855,0.3333333333333333,0.0016635904321447015,True,real-only
71,0.008710818947292864,0.008710818947292864,0.0,0.0,0.005002768826670945,0.0016617231303825974,0.020511114969849586,0.1538340151309967,0.0019429350504651666,0.002843877300620079,0.42857142857142855,0.3333333333333333,0.0016617231303825974,True,real-only
72,0.008603380993008614,0.008603380993008614,0.0,0.0,0.005001179524697363,0.0016600595554336905,0.020452046766877174,0.15991175174713135,0.001941490569151938,0.0028425371274352074,0.42857142857142855,0.3333333333333333,0.0016600595554336905,True,real-only
73,0.008663333137519658,0.008663333137519658,0.0,0.0,0.004999547614715993,0.0016582857351750135,0.020389392971992493,0.16613523662090302,0.0019399502780288458,0.002841105218976736,0.42857142857142855,0.3333333333333333,0.0016582857351750135,True,real-only
74,0.008566413423977792,0.008566413423977792,0.0,0.0,0.004997883457690477,0.001656598993577063,0.020329918712377548,0.17229008674621582,0.0019384856568649411,0.002839741762727499,0.42857142857142855,0.3333333333333333,0.001656598993577063,True,real-only
75,0.00859145459253341,0.00859145459253341,0.0,0.0,0.004995953873731196,0.0016543589299544692,0.020248280838131905,0.1766939014196396,0.0019365573534741998,0.002837943844497204,0.42857142857142855,0.3333333333333333,0.0016543589299544692,True,real-only
76,0.008779066964052618,0.008779066964052618,0.0,0.0,0.004993960028514266,0.0016519982600584626,0.020158542320132256,0.17886550724506378,0.0019345552427694201,0.0028361540753394365,0.42857142857142855,0.3333333333333333,0.0016519982600584626,True,real-only
77,0.008565136580727994,0.008565136580727994,0.0,0.0,0.00499231182038784,0.0016499551711604,0.02008143439888954,0.18083401024341583,0.0019328099442645907,0.002834605984389782,0.42857142857142855,0.3333333333333333,0.0016499551711604,True,real-only
78,0.008786366204731166,0.008786366204731166,0.0,0.0,0.004990692250430584,0.0016481253551319242,0.020012475550174713,0.18480651080608368,0.0019312459044158459,0.0028332292567938566,0.42857142857142855,0.3333333333333333,0.0016481253551319242,True,real-only
79,0.008494431909639388,0.008494431909639388,0.0,0.0,0.004989041015505791,0.0016462921630591154,0.019942868500947952,0.18948811292648315,0.0019296864047646523,0.0028318590484559536,0.42857142857142855,0.3333333333333333,0.0016462921630591154,True,real-only
80,0.008823230280540884,0.008823230280540884,0.0,0.0,0.004987393389455974,0.0016445538494735956,0.01987685263156891,0.1939190924167633,0.0019282044377177954,0.0028305575251579285,0.42857142857142855,0.3333333333333333,0.0016445538494735956,True,real-only
81,0.008666738285683095,0.008666738285683095,0.0,0.0,0.0049858735874295235,0.001643117400817573,0.01982436515390873,0.19958418607711792,0.0019269640324637294,0.002829416887834668,0.42857142857142855,0.3333333333333333,0.001643117400817573,True,real-only
82,0.008781084907241166,0.008781084907241166,0.0,0.0,0.004984524101018906,0.0016420239116996527,0.019786274060606956,0.20699244737625122,0.0019260025583207607,0.0028285046573728323,0.42857142857142855,0.3333333333333333,0.0016420239116996527,True,real-only
83,0.008683787658810616,0.008683787658810616,0.0,0.0,0.004983395687304437,0.0016411378746852279,0.019756903871893883,0.21517051756381989,0.0019252029014751315,0.0028276925440877676,0.42857142857142855,0.3333333333333333,0.0016411378746852279,True,real-only
84,0.008487067534588277,0.008487067534588277,0.0,0.0,0.004982502898201346,0.001640555914491415,0.01974133402109146,0.22449727356433868,0.001924646901898086,0.002827068092301488,0.42857142857142855,0.3333333333333333,0.001640555914491415,True,real-only
85,0.008546262513846159,0.008546262513846159,0.0,0.0,0.004981544567272067,0.0016397915314882994,0.0197176244109869,0.23261788487434387,0.0019239532994106412,0.0028263390995562077,0.42857142857142855,0.3333333333333333,0.0016397915314882994,True,real-only
86,0.00862328102812171,0.00862328102812171,0.0,0.0,0.004980585305020213,0.001638896414078772,0.019687756896018982,0.23860840499401093,0.0019231587648391724,0.002825535601004958,0.42857142857142855,0.3333333333333333,0.001638896414078772,True,real-only
87,0.008584844938013703,0.008584844938013703,0.0,0.0,0.004979970632120967,0.0016387896612286568,0.01969226449728012,0.2465023249387741,0.0019230027683079243,0.002825268544256687,0.42857142857142855,0.3333333333333333,0.0016387896612286568,True,real-only
88,0.008714889991097152,0.008714889991097152,0.0,0.0,0.004979120334610343,0.0016383278416469693,0.01967993564903736,0.25309157371520996,0.0019225660944357514,0.0028247819282114506,0.42857142857142855,0.3333333333333333,0.0016383278416469693,True,real-only
89,0.008673944510519505,0.008673944510519505,0.0,0.0,0.00497771636582911,0.0016367558855563402,0.01961979828774929,0.25698256492614746,0.0019212275510653853,0.0028235602658241987,0.42857142857142855,0.3333333333333333,0.0016367558855563402,True,real-only
90,0.00845417263917625,0.00845417263917625,0.0,0.0,0.004976470139808953,0.0016356499399989843,0.01957836002111435,0.26171624660491943,0.0019202791154384613,0.0028226959984749556,0.42857142857142855,0.3333333333333333,0.0016356499399989843,True,real-only
91,0.008581069996580482,0.008581069996580482,0.0,0.0,0.004975463030859828,0.0016352733364328742,0.019567640498280525,0.26831167936325073,0.001919928123243153,0.0028223623521625996,0.42857142857142855,0.3333333333333333,0.0016352733364328742,True,real-only
92,0.008837952162139118,0.008837952162139118,0.0,0.0,0.004974323441274464,0.001634491141885519,0.019539546221494675,0.2742564380168915,0.0019192416220903397,0.0028217313811182976,0.42857142857142855,0.3333333333333333,0.001634491141885519,True,real-only
93,0.008594204555265605,0.008594204555265605,0.0,0.0,0.004973310744389892,0.0016340083675459027,0.019525088369846344,0.27979615330696106,0.001918792724609375,0.0028212822508066893,0.42857142857142855,0.3333333333333333,0.0016340083675459027,True,real-only
94,0.008611173136159778,0.008611173136159778,0.0,0.0,0.004972346359863877,0.0016334698302671313,0.01950957253575325,0.2851593792438507,0.0019182836404070258,0.002820748370140791,0.42857142857142855,0.3333333333333333,0.0016334698302671313,True,real-only
95,0.008614578284323215,0.008614578284323215,0.0,0.0,0.004971592919901013,0.0016334222164005041,0.01951712742447853,0.29307323694229126,0.0019181584939360619,0.002820507623255253,0.42857142857142855,0.3333333333333333,0.0016334222164005041,True,real-only
96,0.008713549003005028,0.008713549003005028,0.0,0.0,0.004971001646481454,0.001633343519642949,0.01952425017952919,0.2998855710029602,0.001918005058541894,0.0028202417306602,0.42857142857142855,0.3333333333333333,0.001633343519642949,True,real-only
97,0.00858269666787237,0.00858269666787237,0.0,0.0,0.004970527603290975,0.0016335176769644022,0.019541984423995018,0.307108074426651,0.001918063499033451,0.0028201574459671974,0.42857142857142855,0.3333333333333333,0.001633343519642949,False,real-only
98,0.008261729963123798,0.008261729963123798,0.0,0.0,0.004969906876794994,0.0016336552798748016,0.019557291641831398,0.3148755133152008,0.0019181000534445047,0.0028200752567499876,0.42857142857142855,0.3333333333333333,0.001633343519642949,False,real-only
99,0.008371561125386506,0.008371561125386506,0.0,0.0,0.004969124915078282,0.0016334507381543517,0.019558055326342583,0.3211546540260315,0.0019178520888090134,0.002819739980623126,0.42857142857142855,0.3333333333333333,0.001633343519642949,False,real-only
100,0.008494568872265518,0.008494568872265518,0.0,0.0,0.004968744702637196,0.0016339493449777365,0.019590290263295174,0.328795850276947,0.0019181810785084963,0.002819883869960904,0.42857142857142855,0.3333333333333333,0.001633343519642949,False,real-only
101,0.008607762050814927,0.008607762050814927,0.0,0.0,0.0049684555269777775,0.0016346265329048038,0.01962910406291485,0.3360747992992401,0.001918668975122273,0.002820175839588046,0.42857142857142855,0.3333333333333333,0.001633343519642949,False,real-only
102,0.008711363188922405,0.008711363188922405,0.0,0.0,0.00496795226354152,0.0016348817152902484,0.01964871771633625,0.3424091339111328,0.0019188140286132693,0.002820189343765378,0.42857142857142855,0.3333333333333333,0.001633343519642949,False,real-only
103,0.00872826628619805,0.00872826628619805,0.0,0.0,0.004967085784301162,0.0016343826428055763,0.01963503658771515,0.34754863381385803,0.0019183504628017545,0.002819704357534647,0.42857142857142855,0.3333333333333333,0.001633343519642949,False,real-only
104,0.008392043295316398,0.008392043295316398,0.0,0.0,0.004966739914380014,0.0016352913808077574,0.01968356966972351,0.3543892502784729,0.001919032889418304,0.0028202023822814226,0.42857142857142855,0.3333333333333333,0.001633343519642949,False,real-only
105,0.008584031485952437,0.008584031485952437,0.0,0.0,0.004965993808582425,0.0016352863749489188,0.01969047263264656,0.3585427403450012,0.0019189853919669986,0.002820112043991685,0.42857142857142855,0.3333333333333333,0.001633343519642949,False,real-only
106,0.008703256258741021,0.008703256258741021,0.0,0.0,0.004965114640071988,0.0016345971962437034,0.01966836303472519,0.36148935556411743,0.0019183715339750051,0.002819511340931058,0.42857142857142855,0.3333333333333333,0.001633343519642949,False,real-only
107,0.008638199418783188,0.008638199418783188,0.0,0.0,0.004964473424479365,0.0016342535382136703,0.019662588834762573,0.36512449383735657,0.0019180242670699954,0.0028190654702484608,0.42857142857142855,0.3333333333333333,0.001633343519642949,False,real-only
108,0.008497545612044632,0.008497545612044632,0.0,0.0,0.004963379818946123,0.0016329943900927901,0.019615164026618004,0.36770784854888916,0.00191694893874228,0.002818043576553464,0.42857142857142855,0.3333333333333333,0.0016329943900927901,True,real-only
109,0.008671711664646864,0.008671711664646864,0.0,0.0,0.004962361534126103,0.001631993567571044,0.01957894302904606,0.3704818785190582,0.001916079898364842,0.0028172284364700317,0.42857142857142855,0.3333333333333333,0.001631993567571044,True,real-only
110,0.008354184217751026,0.008354184217751026,0.0,0.0,0.0049614820163697,0.0016315156826749444,0.019566187635064125,0.3737734854221344,0.0019156247144564986,0.002816714346408844,0.42857142857142855,0.3333333333333333,0.0016315156826749444,True,real-only
111,0.008501834352500737,0.008501834352500737,0.0,0.0,0.004960412858054042,0.0016303305746987462,0.01952231116592884,0.37696129083633423,0.0019145883852615952,0.0028156740590929985,0.42857142857142855,0.3333333333333333,0.0016303305746987462,True,real-only
112,0.008553844527341425,0.008553844527341425,0.0,0.0,0.00495946581941098,0.0016295654932036996,0.019497014582157135,0.3801664710044861,0.0019138960633426905,0.0028149436693638563,0.42857142857142855,0.3333333333333333,0.0016295654932036996,True,real-only
113,0.008551300736144185,0.008551300736144185,0.0,0.0,0.004958375473506749,0.0016288779443129897,0.019475743174552917,0.3825503885746002,0.00191326008643955,0.002814261708408594,0.42857142857142855,0.3333333333333333,0.0016288779443129897,True,real-only
114,0.00847322668414563,0.00847322668414563,0.0,0.0,0.0049575286684557796,0.0016285267192870378,0.019469842314720154,0.3852086663246155,0.0019128911662846804,0.0028138032648712397,0.42857142857142855,0.3333333333333333,0.0016285267192870378,True,real-only
115,0.008562299190089107,0.008562299190089107,0.0,0.0,0.004956492688506842,0.0016273754881694913,0.01942717656493187,0.38722625374794006,0.0019118796335533261,0.0028127923142164946,0.42857142857142855,0.3333333333333333,0.0016273754881694913,True,real-only
116,0.008515944937244058,0.008515944937244058,0.0,0.0,0.004955672426149249,0.0016275764210149646,0.01944795995950699,0.39144012331962585,0.0019119411008432508,0.0028126686811447144,0.42857142857142855,0.3333333333333333,0.0016273754881694913,False,real-only
117,0.008568479563109577,0.008568479563109577,0.0,0.0,0.004954858333803713,0.0016276167007163167,0.019460657611489296,0.39552879333496094,0.0019118814961984754,0.002812441671267152,0.42857142857142855,0.3333333333333333,0.0016273754881694913,False,real-only
118,0.008641085238195956,0.008641085238195956,0.0,0.0,0.004954223637469113,0.0016280063427984715,0.01948906108736992,0.3994591236114502,0.0019121019868180156,0.0028124393429607153,0.42857142857142855,0.3333333333333333,0.0016273754881694913,False,real-only
119,0.008699988480657339,0.008699988480657339,0.0,0.0,0.004953549359925091,0.0016278013354167342,0.019491715356707573,0.40228408575057983,0.0019118338823318481,0.0028119822964072227,0.42857142857142855,0.3333333333333333,0.0016273754881694913,False,real-only
120,0.008417588891461492,0.008417588891461492,0.0,0.0,0.0049525408539921045,0.0016268144827336073,0.019458847120404243,0.4054611325263977,0.001910937367938459,0.0028110388666391373,0.42857142857142855,0.3333333333333333,0.0016268144827336073,True,real-only
121,0.008434335584752262,0.008434335584752262,0.0,0.0,0.004951514536514878,0.0016258381074294448,0.019425833597779274,0.40825340151786804,0.0019100629724562168,0.0028101603966206312,0.42857142857142855,0.3333333333333333,0.0016258381074294448,True,real-only
122,0.008615970727987587,0.008615970727987587,0.0,0.0,0.0049505888018757105,0.0016250543994829059,0.019401051104068756,0.4117605984210968,0.0019093502778559923,0.002809419995173812,0.42857142857142855,0.3333333333333333,0.0016250543994829059,True,real-only
123,0.008539643604308367,0.008539643604308367,0.0,0.0,0.004949542926624417,0.001624511438421905,0.019387932494282722,0.4147976040840149,0.0019088262924924493,0.0028088463004678488,0.42857142857142855,0.3333333333333333,0.001624511438421905,True,real-only
124,0.008612911216914654,0.008612911216914654,0.0,0.0,0.004948466317728162,0.0016235815128311515,0.01935461163520813,0.4166921079158783,0.0019080135971307755,0.002808071905747056,0.42857142857142855,0.3333333333333333,0.0016235815128311515,True,real-only
125,0.008541251299902797,0.008541251299902797,0.0,0.0,0.004947597743012011,0.0016231511253863573,0.01934513822197914,0.4189565181732178,0.0019075904274359345,0.0028075925074517727,0.42857142857142855,0.3333333333333333,0.0016231511253863573,True,real-only
126,0.008507266640663147,0.008507266640663147,0.0,0.0,0.004946687258780003,0.001622552634216845,0.01932741515338421,0.4216678738594055,0.0019070316338911653,0.002806991571560502,0.42857142857142855,0.3333333333333333,0.001622552634216845,True,real-only
127,0.008688538335263729,0.008688538335263729,0.0,0.0,0.004946166416630149,0.001623267657123506,0.019371744245290756,0.4240441918373108,0.0019075138261541724,0.0028071925044059753,0.42857142857142855,0.3333333333333333,0.001622552634216845,False,real-only
128,0.008632406475953758,0.008632406475953758,0.0,0.0,0.004945637658238411,0.0016238943208009005,0.019411975517868996,0.4258028566837311,0.0019079234916716814,0.0028073478024452925,0.42857142857142855,0.3333333333333333,0.001622552634216845,False,real-only
129,0.008548063924536109,0.008548063924536109,0.0,0.0,0.004944992251694202,0.0016247244784608483,0.01946164295077324,0.42716795206069946,0.0019084917148575187,0.0028076297603547573,0.42857142857142855,0.3333333333333333,0.001622552634216845,False,real-only
130,0.008569786907173693,0.008569786907173693,0.0,0.0,0.004944263491779566,0.0016260745469480753,0.019536826759576797,0.42880815267562866,0.0019094679737463593,0.002808203222230077,0.42857142857142855,0.3333333333333333,0.001622552634216845,False,real-only
131,0.008551245089620352,0.008551245089620352,0.0,0.0,0.004943595500662923,0.0016270491760224104,0.019596042111516,0.42973649501800537,0.00191014155279845,0.002808526623994112,0.42857142857142855,0.3333333333333333,0.001622552634216845,False,real-only
132,0.008530137361958623,0.008530137361958623,0.0,0.0,0.004942835541442037,0.001627473277039826,0.019628865644335747,0.4309694170951843,0.0019103852100670338,0.0028085196390748024,0.42857142857142855,0.3333333333333333,0.001622552634216845,False,real-only
133,0.008863689377903938,0.008863689377903938,0.0,0.0,0.004941758816130459,0.0016267901519313455,0.019610904157161713,0.4327766001224518,0.0019097335170954466,0.002807784592732787,0.42857142857142855,0.3333333333333333,0.001622552634216845,False,real-only
134,0.008524671546183527,0.008524671546183527,0.0,0.0,0.004940981394611299,0.0016278624534606934,0.019674083217978477,0.4340265691280365,0.001910488586872816,0.002808189019560814,0.42857142857142855,0.3333333333333333,0.001622552634216845,False,real-only
135,0.008598722866736352,0.008598722866736352,0.0,0.0,0.004940150654874742,0.0016285206656903028,0.019715754315257072,0.43503960967063904,0.0019109314307570457,0.0028083836659789085,0.42857142857142855,0.3333333333333333,0.001622552634216845,False,real-only
136,0.008514332701452076,0.008514332701452076,0.0,0.0,0.004939193255268037,0.0016283877193927765,0.01972191408276558,0.436676561832428,0.001910728751681745,0.002808045130223036,0.42857142857142855,0.3333333333333333,0.001622552634216845,False,real-only
137,0.008485336089506745,0.008485336089506745,0.0,0.0,0.004938249010592699,0.0016285512829199433,0.019743820652365685,0.43867814540863037,0.0019107459811493754,0.0028078516479581594,0.42857142857142855,0.3333333333333333,0.001622552634216845,False,real-only
138,0.008403664454817772,0.008403664454817772,0.0,0.0,0.004937444347888231,0.0016291786450892687,0.019785664975643158,0.4407798647880554,0.0019111440051347017,0.00280800461769104,0.42857142857142855,0.3333333333333333,0.001622552634216845,False,real-only
139,0.008466694271191955,0.008466694271191955,0.0,0.0,0.004936560755595565,0.0016299549024552107,0.019833458587527275,0.44281917810440063,0.001911669154651463,0.002808278426527977,0.42857142857142855,0.3333333333333333,0.001622552634216845,False,real-only
140,0.00839355424977839,0.00839355424977839,0.0,0.0,0.00493559509050101,0.0016315389657393098,0.019917981699109077,0.4447074234485626,0.001912832958623767,0.0028090362902730703,0.42857142857142855,0.3333333333333333,0.001622552634216845,False,real-only
141,0.008787956088781357,0.008787956088781357,0.0,0.0,0.004934497177600861,0.0016319005517289042,0.01994742825627327,0.4466448426246643,0.0019130011787638068,0.0028089522384107113,0.42857142857142855,0.3333333333333333,0.001622552634216845,False,real-only
142,0.008508195984177291,0.008508195984177291,0.0,0.0,0.004933133022859693,0.0016322470037266612,0.019972939044237137,0.44806981086730957,0.0019131877925246954,0.002808975288644433,0.42857142857142855,0.3333333333333333,0.001622552634216845,False,real-only
143,0.008626385126262903,0.008626385126262903,0.0,0.0,0.004931760719045997,0.0016327446792274714,0.020004794001579285,0.44913700222969055,0.0019135026959702373,0.0028091331478208303,0.42857142857142855,0.3333333333333333,0.001622552634216845,False,real-only
144,0.0085259557235986,0.0085259557235986,0.0,0.0,0.0049304908607155085,0.0016324907774105668,0.020006632432341576,0.45015090703964233,0.0019131861627101898,0.002808687509968877,0.42857142857142855,0.3333333333333333,0.001622552634216845,False,real-only
145,0.008411075570620596,0.008411075570620596,0.0,0.0,0.004929237300530076,0.0016312110237777233,0.019964348524808884,0.45170384645462036,0.001912023639306426,0.0028075205627828836,0.42857142857142855,0.3333333333333333,0.001622552634216845,False,real-only
146,0.008388940477743745,0.008388940477743745,0.0,0.0,0.004928172915242612,0.001631667371839285,0.019999079406261444,0.45250457525253296,0.0019122677622362971,0.002807490061968565,0.42857142857142855,0.3333333333333333,0.001622552634216845,False,real-only
147,0.008520790375769138,0.008520790375769138,0.0,0.0,0.0049276057397946715,0.0016337576089426875,0.02010444737970829,0.452374130487442,0.0019138556672260165,0.0028085638768970966,0.42857142857142855,0.3333333333333333,0.001622552634216845,False,real-only
148,0.008489812025800347,0.008489812025800347,0.0,0.0,0.004926425637677312,0.0016319964779540896,0.02004256658256054,0.4550941586494446,0.0019122844096273184,0.002807002514600754,0.42857142857142855,0.3333333333333333,0.001622552634216845,False,real-only
149,0.008533242624253035,0.008533242624253035,0.0,0.0,0.004925327142700553,0.0016296316171064973,0.01995209977030754,0.4580869674682617,0.0019102422520518303,0.0028051023837178946,0.42857142857142855,0.3333333333333333,0.001622552634216845,False,real-only
150,0.008637565304525197,0.008637565304525197,0.0,0.0,0.004924410954117775,0.0016292484942823648,0.019950058311223984,0.4600169360637665,0.0019097999902442098,0.0028044970240443945,0.42857142857142855,0.3333333333333333,0.001622552634216845,False,real-only
151,0.008562541450373828,0.008562541450373828,0.0,0.0,0.004923243657685816,0.0016277506947517395,0.01989639736711979,0.4622419476509094,0.0019084735540673137,0.00280320318415761,0.42857142857142855,0.3333333333333333,0.001622552634216845,False,real-only
152,0.008564630057662725,0.008564630057662725,0.0,0.0,0.004922054125927389,0.0016269544139504433,0.01987195946276188,0.4639492928981781,0.0019077291944995522,0.002802440198138356,0.42857142857142855,0.3333333333333333,0.001622552634216845,False,real-only
153,0.008455147268250585,0.008455147268250585,0.0,0.0,0.00492075365036726,0.0016264240257441998,0.019863054156303406,0.4656261205673218,0.0019071720307692885,0.0028017708100378513,0.42857142857142855,0.3333333333333333,0.001622552634216845,False,real-only
154,0.008610889199189842,0.008610889199189842,0.0,0.0,0.004919320344924927,0.0016259667463600636,0.019858980551362038,0.46816617250442505,0.0019066570093855262,0.002801098395138979,0.42857142857142855,0.3333333333333333,0.001622552634216845,False,real-only
155,0.008502826327458024,0.008502826327458024,0.0,0.0,0.004918059799820185,0.0016247940948233008,0.019822105765342712,0.4712408185005188,0.0019055722514167428,0.0027999640442430973,0.42857142857142855,0.3333333333333333,0.001622552634216845,False,real-only
156,0.008567263721488416,0.008567263721488416,0.0,0.0,0.004916942096315324,0.0016245635924860835,0.019827144220471382,0.4732661545276642,0.0019052609568461776,0.0027994720730930567,0.42857142857142855,0.3333333333333333,0.001622552634216845,False,real-only
157,0.00853682414162904,0.00853682414162904,0.0,0.0,0.004915859550237656,0.0016244848957285285,0.01984151266515255,0.4747031033039093,0.0019050586270168424,0.0027990357484668493,0.42857142857142855,0.3333333333333333,0.001622552634216845,False,real-only
158,0.008392518036998808,0.008392518036998808,0.0,0.0,0.004914692835882306,0.0016248332103714347,0.019874535501003265,0.47608429193496704,0.001905200770124793,0.002798899309709668,0.42857142857142855,0.3333333333333333,0.001622552634216845,False,real-only
159,0.008538914960809052,0.008538914960809052,0.0,0.0,0.004913716576993465,0.0016227070009335876,0.019792987033724785,0.47835773229599,0.0019033673452213407,0.002797194290906191,0.42857142857142855,0.3333333333333333,0.001622552634216845,False,real-only
160,0.00850171409547329,0.00850171409547329,0.0,0.0,0.004912860691547394,0.001622198848053813,0.019784588366746902,0.4794508218765259,0.0019028354436159134,0.0027965365443378687,0.42857142857142855,0.3333333333333333,0.001622198848053813,True,real-only
161,0.008421991020441055,0.008421991020441055,0.0,0.0,0.0049118074821308255,0.0016194472555071115,0.019674083217978477,0.481979638338089,0.0019004957284778357,0.00279442360624671,0.42857142857142855,0.3333333333333333,0.0016194472555071115,True,real-only
162,0.008654605713672936,0.008654605713672936,0.0,0.0,0.004910667659714818,0.0016171734314411879,0.019583076238632202,0.4844290316104889,0.0018985592760145664,0.0027926708571612835,0.42857142857142855,0.3333333333333333,0.0016171734314411879,True,real-only
163,0.008818490896373987,0.008818490896373987,0.0,0.0,0.004909631563350558,0.0016156395431607962,0.019526196643710136,0.48659318685531616,0.0018972255056723952,0.002791409380733967,0.42857142857142855,0.3333333333333333,0.0016156395431607962,True,real-only
164,0.008433925569988787,0.008433925569988787,0.0,0.0,0.004908645059913397,0.0016141284722834826,0.019470127299427986,0.488657146692276,0.0018959110602736473,0.002790162805467844,0.42857142857142855,0.3333333333333333,0.0016141284722834826,True,real-only
165,0.00836712564341724,0.00836712564341724,0.0,0.0,0.00490756775252521,0.0016132171731442213,0.019441256299614906,0.4901590347290039,0.0018950781086459756,0.0027893083170056343,0.42857142857142855,0.3333333333333333,0.0016132171731442213,True,real-only
166,0.00868305063340813,0.00868305063340813,0.0,0.0,0.004906679270789027,0.0016120298532769084,0.019399140030145645,0.49129167199134827,0.0018940267618745565,0.0027882654685527086,0.42857142857142855,0.3333333333333333,0.0016120298532769084,True,real-only
167,0.008304059854708612,0.008304059854708612,0.0,0.0,0.004905683337710798,0.0016116335755214095,0.019394613802433014,0.4918164610862732,0.0018936025444418192,0.0027877248357981443,0.42857142857142855,0.3333333333333333,0.0016116335755214095,True,real-only
168,0.008566864533349872,0.008566864533349872,0.0,0.0,0.004904484958387911,0.0016119085485115647,0.019422702491283417,0.49203282594680786,0.0018937094137072563,0.0027876230888068676,0.42857142857142855,0.3333333333333333,0.0016116335755214095,False,real-only
169,0.008347436902113259,0.008347436902113259,0.0,0.0,0.004903166089206934,0.0016130635049194098,0.019493436440825462,0.4916928708553314,0.0018945093033835292,0.0027880605775862932,0.42857142857142855,0.3333333333333333,0.0016116335755214095,False,real-only
170,0.008296697400510311,0.008296697400510311,0.0,0.0,0.004901847220025957,0.0016144580440595746,0.01957402005791664,0.49147841334342957,0.0018955067498609424,0.0027886799070984125,0.42857142857142855,0.3333333333333333,0.0016116335755214095,False,real-only
171,0.008579330518841743,0.008579330518841743,0.0,0.0,0.004900534870103002,0.001615398097783327,0.019632477313280106,0.4916086792945862,0.001896146684885025,0.002789008431136608,0.42857142857142855,0.3333333333333333,0.0016116335755214095,False,real-only
172,0.008559671696275473,0.008559671696275473,0.0,0.0,0.004899242427200079,0.0016154341865330935,0.019647380337119102,0.492586225271225,0.0018960677552968264,0.002788773039355874,0.42857142857142855,0.3333333333333333,0.0016116335755214095,False,real-only
173,0.008481252356432378,0.008481252356432378,0.0,0.0,0.004898046376183629,0.0016156804049387574,0.019670406356453896,0.4935803711414337,0.0018961685709655285,0.0027887008618563414,0.42857142857142855,0.3333333333333333,0.0016116335755214095,False,real-only
174,0.008536612847819924,0.008536612847819924,0.0,0.0,0.004896993050351739,0.0016143179964274168,0.019619785249233246,0.49543824791908264,0.0018949772929772735,0.0027875618543475866,0.42857142857142855,0.3333333333333333,0.0016116335755214095,False,real-only
175,0.008400637016166002,0.008400637016166002,0.0,0.0,0.004895622958429158,0.001614692504517734,0.019652271643280983,0.4961658716201782,0.0018951550591737032,0.00278751109726727,0.42857142857142855,0.3333333333333333,0.0016116335755214095,False,real-only
176,0.008553404361009598,0.008553404361009598,0.0,0.0,0.004894201876595616,0.0016153950709849596,0.01970120519399643,0.4969838559627533,0.001895573572255671,0.002787620760500431,0.42857142857142855,0.3333333333333333,0.0016116335755214095,False,real-only
177,0.008541789255104959,0.008541789255104959,0.0,0.0,0.004892974626272917,0.001615595887415111,0.01972806826233864,0.4981086850166321,0.0018955871928483248,0.0027873979415744543,0.42857142857142855,0.3333333333333333,0.0016116335755214095,False,real-only
178,0.008496704860590398,0.008496704860590398,0.0,0.0,0.0048918850952759385,0.001615410903468728,0.019736524671316147,0.49934905767440796,0.0018952960381284356,0.002786922501400113,0.42857142857142855,0.3333333333333333,0.0016116335755214095,False,real-only
179,0.008446689927950501,0.008446689927950501,0.0,0.0,0.00489104725420475,0.0016138209030032158,0.019679736346006393,0.5014495253562927,0.001893883803859353,0.0027855364605784416,0.42857142857142855,0.3333333333333333,0.0016116335755214095,False,real-only
180,0.008428008877672255,0.008428008877672255,0.0,0.0,0.004890008945949376,0.0016137658385559916,0.019693752750754356,0.5026644468307495,0.001893704989925027,0.002785149961709976,0.42857142857142855,0.3333333333333333,0.0016116335755214095,False,real-only
181,0.008660420426167548,0.008660420426167548,0.0,0.0,0.004889238392934203,0.0016122680390253663,0.0196380577981472,0.504416286945343,0.0018923921743407845,0.002783877309411764,0.42857142857142855,0.3333333333333333,0.0016116335755214095,False,real-only
182,0.008587733143940568,0.008587733143940568,0.0,0.0,0.004888575756922364,0.0016102100489661098,0.019552962854504585,0.506192147731781,0.0018906545592471957,0.002782293129712343,0.42857142857142855,0.3333333333333333,0.0016102100489661098,True,real-only
183,0.00842922949232161,0.00842922949232161,0.0,0.0,0.0048878989182412624,0.0016077810432761908,0.019449861720204353,0.5082241892814636,0.001888626255095005,0.002780502662062645,0.42857142857142855,0.3333333333333333,0.0016077810432761908,True,real-only
184,0.008728998247534037,0.008728998247534037,0.0,0.0,0.004887278075329959,0.0016059692716225982,0.019377442076802254,0.510227620601654,0.001887079095467925,0.0027790821623057127,0.42857142857142855,0.3333333333333333,0.0016059692716225982,True,real-only
185,0.008631066419184208,0.008631066419184208,0.0,0.0,0.004886984592303634,0.001602905453182757,0.019239002838730812,0.5128768682479858,0.0018845763988792896,0.002776945475488901,0.42857142857142855,0.3333333333333333,0.001602905453182757,True,real-only
186,0.008740038378164172,0.008740038378164172,0.0,0.0,0.004886396462097764,0.0016011621337383986,0.01916497014462948,0.5147320628166199,0.0018831029301509261,0.0027756020426750183,0.42857142857142855,0.3333333333333333,0.0016011621337383986,True,real-only
187,0.008597039966844022,0.008597039966844022,0.0,0.0,0.004885446047410369,0.0016009621322154999,0.019169120118021965,0.5154018998146057,0.0018828256288543344,0.002775185741484165,0.42857142857142855,0.3333333333333333,0.0016009621322154999,True,real-only
188,0.008630510419607162,0.008630510419607162,0.0,0.0,0.004884199937805533,0.0016018754104152322,0.01922897808253765,0.5153955817222595,0.0018834213260561228,0.0027754767797887325,0.42857142857142855,0.3333333333333333,0.0016009621322154999,False,real-only
189,0.008421739912591875,0.008421739912591875,0.0,0.0,0.004883037763647735,0.001602207776159048,0.019258562475442886,0.5157909393310547,0.0018835688242688775,0.0027754001785069704,0.42857142857142855,0.3333333333333333,0.0016009621322154999,False,real-only
190,0.008186182705685496,0.008186182705685496,0.0,0.0,0.004881604923866689,0.0016033785650506616,0.019333651289343834,0.5155460834503174,0.0018843436846509576,0.0027757403440773487,0.42857142857142855,0.3333333333333333,0.0016009621322154999,False,real-only
191,0.008537313435226679,0.008537313435226679,0.0,0.0,0.004880282329395413,0.0016037389868870378,0.019366784021258354,0.5157473683357239,0.0018845031736418605,0.0027756541967391968,0.42857142857142855,0.3333333333333333,0.0016009621322154999,False,real-only
192,0.008663275628350675,0.008663275628350675,0.0,0.0,0.004878946114331484,0.0016044736839830875,0.019418952986598015,0.5155816078186035,0.0018849553307518363,0.002775804838165641,0.42857142857142855,0.3333333333333333,0.0016009621322154999,False,real-only
193,0.008378827827982605,0.008378827827982605,0.0,0.0,0.004877709900029004,0.0016047910321503878,0.01944797858595848,0.5155028104782104,0.0018850993365049362,0.0027757459320127964,0.42857142857142855,0.3333333333333333,0.0016009621322154999,False,real-only
194,0.008797285612672567,0.008797285612672567,0.0,0.0,0.004876601626165211,0.0016048194374889135,0.01946481503546238,0.5156176686286926,0.0018849996849894524,0.002775436732918024,0.42857142857142855,0.3333333333333333,0.0016009621322154999,False,real-only
195,0.00863288575783372,0.00863288575783372,0.0,0.0,0.0048757565673440695,0.0016041415510699153,0.019445601850748062,0.516031801700592,0.00188436487223953,0.002774735912680626,0.42857142857142855,0.3333333333333333,0.0016009621322154999,False,real-only
196,0.008447737200185657,0.008447737200185657,0.0,0.0,0.004874897771514952,0.0016034308355301619,0.019423337653279305,0.5165396928787231,0.0018837134120985866,0.002774045104160905,0.42857142857142855,0.3333333333333333,0.0016009621322154999,False,real-only
197,0.008407634333707392,0.008407634333707392,0.0,0.0,0.004873758414760232,0.001603557262569666,0.01944408379495144,0.5167555809020996,0.0018836954841390252,0.002773820422589779,0.42857142857142855,0.3333333333333333,0.0016009621322154999,False,real-only
198,0.00867389258928597,0.00867389258928597,0.0,0.0,0.004872560268267989,0.0016037679743021727,0.019469881430268288,0.5170484781265259,0.00188373529817909,0.0027736490592360497,0.42857142857142855,0.3333333333333333,0.0016009621322154999,False,real-only
199,0.008692155475728214,0.008692155475728214,0.0,0.0,0.004871455021202564,0.0016039472538977861,0.019491860643029213,0.5173769593238831,0.0018837683601304889,0.0027735012117773294,0.42857142857142855,0.3333333333333333,0.0016009621322154999,False,real-only
200,0.00856226752512157,0.00856226752512157,0.0,0.0,0.00487051997333765,0.0016040561022236943,0.019510693848133087,0.5175533294677734,0.00188374612480402,0.002773276064544916,0.42857142857142855,0.3333333333333333,0.0016009621322154999,False,real-only
201,0.008201152668334544,0.008201152668334544,0.0,0.0,0.004869651980698109,0.0016038441099226475,0.01951415464282036,0.5181390047073364,0.0018834657967090607,0.0027728360146284103,0.42857142857142855,0.3333333333333333,0.0016009621322154999,False,real-only
202,0.008411524584516883,0.008411524584516883,0.0,0.0,0.004868693416938186,0.0016037793830037117,0.019526993855834007,0.5184708833694458,0.001883285236544907,0.002772446721792221,0.42857142857142855,0.3333333333333333,0.0016009621322154999,False,real-only
203,0.008408552268519998,0.008408552268519998,0.0,0.0,0.004867584211751819,0.00160378054715693,0.019542358815670013,0.5190485715866089,0.001883157528936863,0.002772125182673335,0.42857142857142855,0.3333333333333333,0.0016009621322154999,False,real-only
204,0.00858854001853615,0.00858854001853615,0.0,0.0,0.004866188275627792,0.0016045377124100924,0.019596247002482414,0.5193610191345215,0.0018836071249097586,0.0027722048107534647,0.42857142857142855,0.3333333333333333,0.0016009621322154999,False,real-only
205,0.008460669894702733,0.008460669894702733,0.0,0.0,0.004864665330387652,0.0016050657723098993,0.01963731274008751,0.5197960138320923,0.0018838959513232112,0.0027722243685275316,0.42857142857142855,0.3333333333333333,0.0016009621322154999,False,real-only
206,0.00853969226591289,0.00853969226591289,0.0,0.0,0.004863501759245992,0.001604375778697431,0.019618472084403038,0.5207555294036865,0.0018832313362509012,0.002771512372419238,0.42857142857142855,0.3333333333333333,0.0016009621322154999,False,real-only
207,0.008492541848681867,0.008492541848681867,0.0,0.0,0.00486241199541837,0.0016039321199059486,0.019612543284893036,0.5216444730758667,0.0018827470485121012,0.0027709126006811857,0.42857142857142855,0.3333333333333333,0.0016009621322154999,False,real-only
208,0.008824032731354237,0.008824032731354237,0.0,0.0,0.004861384863033891,0.0016034151194617152,0.019600877538323402,0.5226512551307678,0.0018822220154106617,0.0027703200466930866,0.42857142857142855,0.3333333333333333,0.0016009621322154999,False,real-only
209,0.008780578849837184,0.008780578849837184,0.0,0.0,0.004860633052885532,0.0016022527124732733,0.01955544203519821,0.5240966081619263,0.0018812103662639856,0.0027693896554410458,0.42857142857142855,0.3333333333333333,0.0016009621322154999,False,real-only
210,0.008650521631352603,0.008650521631352603,0.0,0.0,0.004859674954786897,0.0016020577168092132,0.019558187574148178,0.5250104069709778,0.001880953088402748,0.002769027603790164,0.42857142857142855,0.3333333333333333,0.0016009621322154999,False,real-only
211,0.008589988807216287,0.008589988807216287,0.0,0.0,0.004859128966927528,0.00160074676387012,0.01950385794043541,0.5260499119758606,0.0018798464443534613,0.002768033416941762,0.42857142857142855,0.3333333333333333,0.00160074676387012,True,real-only
212,0.00859632680658251,0.00859632680658251,0.0,0.0,0.004858475876972079,0.001599558861926198,0.01945612207055092,0.5272539854049683,0.001878828275948763,0.002767107915133238,0.42857142857142855,0.3333333333333333,0.001599558861926198,True,real-only
213,0.008402718580327928,0.008402718580327928,0.0,0.0,0.004858076572418213,0.0015980079770088196,0.0193900428712368,0.5287009477615356,0.0018775271018967032,0.002765964949503541,0.42857142857142855,0.3333333333333333,0.0015980079770088196,True,real-only
214,0.00852175010368228,0.00852175010368228,0.0,0.0,0.004857427789829671,0.001597310765646398,0.01936807669699192,0.5296500325202942,0.0018768769223242998,0.0027652946300804615,0.42857142857142855,0.3333333333333333,0.001597310765646398,True,real-only
215,0.00880737928673625,0.00880737928673625,0.0,0.0,0.0048566400073468685,0.0015970490640029311,0.01936924271285534,0.5303329825401306,0.0018765521235764027,0.0027648399118334055,0.42857142857142855,0.3333333333333333,0.0015970490640029311,True,real-only
216,0.0086923036724329,0.0086923036724329,0.0,0.0,0.004856018000282347,0.001596323330886662,0.01934456266462803,0.5312594175338745,0.001875885995104909,0.002764155389741063,0.42857142857142855,0.3333333333333333,0.001596323330886662,True,real-only
217,0.008520687464624643,0.008520687464624643,0.0,0.0,0.004855559091083705,0.0015952448593452573,0.0193024892359972,0.5324045419692993,0.0018749411683529615,0.0027632357086986303,0.42857142857142855,0.3333333333333333,0.0015952448593452573,True,real-only
218,0.008563976851291955,0.008563976851291955,0.0,0.0,0.00485500309150666,0.0015946729108691216,0.01928599178791046,0.5332345366477966,0.0018743887776508927,0.0027626119554042816,0.42857142857142855,0.3333333333333333,0.0015946729108691216,True,real-only
219,0.008523268741555512,0.008523268741555512,0.0,0.0,0.004854324157349765,0.0015944798942655325,0.01928812265396118,0.5337681174278259,0.001874139066785574,0.0027622575871646404,0.42857142857142855,0.3333333333333333,0.0015944798942655325,True,real-only
220,0.008295104373246431,0.008295104373246431,0.0,0.0,0.00485319341532886,0.0015953448601067066,0.01934712752699852,0.5336739420890808,0.001874685287475586,0.002762480406090617,0.42857142857142855,0.3333333333333333,0.0015944798942655325,False,real-only
221,0.008456239243969321,0.008456239243969321,0.0,0.0,0.004852306796237826,0.0015955240232869983,0.019370062276721,0.5340107083320618,0.0018747118301689625,0.002762317191809416,0.42857142857142855,0.3333333333333333,0.0015944798942655325,False,real-only
222,0.008450159803032875,0.008450159803032875,0.0,0.0,0.004851038916967809,0.0015964522026479244,0.01943213865160942,0.5340352058410645,0.0018753042677417397,0.0027625588700175285,0.42857142857142855,0.3333333333333333,0.0015944798942655325,False,real-only
223,0.008515296969562769,0.008515296969562769,0.0,0.0,0.0048499987460672855,0.0015968801453709602,0.019466960802674294,0.5344023108482361,0.0018755251076072454,0.0027625407092273235,0.42857142857142855,0.3333333333333333,0.0015944798942655325,False,real-only
224,0.008537220535799861,0.008537220535799861,0.0,0.0,0.004849212244153023,0.0015967662911862135,0.019474422559142113,0.5351220369338989,0.0018753272015601397,0.0027621861081570387,0.42857142857142855,0.3333333333333333,0.0015944798942655325,False,real-only
225,0.008268460282124579,0.008268460282124579,0.0,0.0,0.004848329466767609,0.0015970321837812662,0.019502215087413788,0.5356047749519348,0.0018754096236079931,0.0027620161417871714,0.42857142857142855,0.3333333333333333,0.0015944798942655325,False,real-only
226,0.0082409274764359,0.0082409274764359,0.0,0.0,0.004847515374422073,0.0015970233362168074,0.01951543614268303,0.5363313555717468,0.00187528389506042,0.0027617032174021006,0.42857142857142855,0.3333333333333333,0.0015944798942655325,False,real-only
227,0.00844862189842388,0.00844862189842388,0.0,0.0,0.004846606752835214,0.0015971874818205833,0.01953628659248352,0.5369303822517395,0.0018753029871731997,0.002761538838967681,0.42857142857142855,0.3333333333333333,0.0015944798942655325,False,real-only
228,0.008639443200081587,0.008639443200081587,0.0,0.0,0.004845722462050617,0.0015972345136106014,0.019549215212464333,0.5374655723571777,0.0018752493197098374,0.002761361887678504,0.42857142857142855,0.3333333333333333,0.0015944798942655325,False,real-only
229,0.008372150710783899,0.008372150710783899,0.0,0.0,0.004845001036301255,0.001596764544956386,0.019536759704351425,0.5382037162780762,0.0018747904105111957,0.002760850125923753,0.42857142857142855,0.3333333333333333,0.0015944798942655325,False,real-only
230,0.008624761714600027,0.008624761714600027,0.0,0.0,0.00484446226619184,0.0015959686134010553,0.01950695924460888,0.5391135215759277,0.001874087960459292,0.002760161180049181,0.42857142857142855,0.3333333333333333,0.0015944798942655325,False,real-only
231,0.008551545906811953,0.008551545906811953,0.0,0.0,0.0048436763463541865,0.001595855108462274,0.019512701779603958,0.5395906567573547,0.0018739030929282308,0.00275984825566411,0.42857142857142855,0.3333333333333333,0.0015944798942655325,False,real-only
232,0.008557695429772139,0.008557695429772139,0.0,0.0,0.00484287750441581,0.0015957321738824248,0.01951722241938114,0.5400965809822083,0.0018737181089818478,0.002759561175480485,0.42857142857142855,0.3333333333333333,0.0015944798942655325,False,real-only
233,0.008585170144215226,0.008585170144215226,0.0,0.0,0.004842324648052454,0.0015951150562614202,0.019496725872159004,0.5406846404075623,0.0018731538439169526,0.0027589749079197645,0.42857142857142855,0.3333333333333333,0.0015944798942655325,False,real-only
234,0.008519787923432887,0.008519787923432887,0.0,0.0,0.00484171649441123,0.0015946567291393876,0.019484015181660652,0.541130542755127,0.0018727160058915615,0.0027585041243582964,0.42857142857142855,0.3333333333333333,0.0015944798942655325,False,real-only
235,0.0085351865272969,0.0085351865272969,0.0,0.0,0.004841026267968118,0.0015944697661325336,0.01948385126888752,0.5414209365844727,0.0018724958645179868,0.00275822845287621,0.42857142857142855,0.3333333333333333,0.0015944697661325336,True,real-only
236,0.008360676933079958,0.008360676933079958,0.0,0.0,0.004839931149035692,0.0015952741960063577,0.019534679129719734,0.541317880153656,0.001873032539151609,0.0027585041243582964,0.42857142857142855,0.3333333333333333,0.0015944697661325336,False,real-only
237,0.008436370408162475,0.008436370408162475,0.0,0.0,0.0048389064613729715,0.0015961728058755398,0.019589263945817947,0.5411347150802612,0.0018736494239419699,0.0027588459197431803,0.42857142857142855,0.3333333333333333,0.0015944697661325336,False,real-only
238,0.008651648880913854,0.008651648880913854,0.0,0.0,0.004838227876462042,0.001596561400219798,0.019617361947894096,0.5411755442619324,0.0018738774815574288,0.0027588859666138887,0.42857142857142855,0.3333333333333333,0.0015944697661325336,False,real-only
239,0.008417296689003706,0.008417296689003706,0.0,0.0,0.004837670247070491,0.0015962976031005383,0.019611787050962448,0.5415276288986206,0.0018736070487648249,0.0027585590723901987,0.42857142857142855,0.3333333333333333,0.0015944697661325336,False,real-only
240,0.008354862104170024,0.008354862104170024,0.0,0.0,0.004837086424231529,0.0015961856115609407,0.019614405930042267,0.5418670177459717,0.0018734443001449108,0.0027582987677305937,0.42857142857142855,0.3333333333333333,0.0015944697661325336,False,real-only
241,0.008243205840699375,0.008243205840699375,0.0,0.0,0.004836468957364559,0.0015961708268150687,0.019622083753347397,0.5422234535217285,0.0018733590841293335,0.002758106216788292,0.42857142857142855,0.3333333333333333,0.0015944697661325336,False,real-only
242,0.008556905435398221,0.008556905435398221,0.0,0.0,0.004835867788642645,0.0015959733864292502,0.01962052658200264,0.5426720380783081,0.001873134751804173,0.0027578130830079317,0.42857142857142855,0.3333333333333333,0.0015944697661325336,False,real-only
243,0.008669844595715404,0.008669844595715404,0.0,0.0,0.0048353474121540785,0.0015954746631905437,0.019603455439209938,0.5431579351425171,0.0018726802663877606,0.0027573516126722097,0.42857142857142855,0.3333333333333333,0.0015944697661325336,False,real-only
244,0.008442442864179611,0.008442442864179611,0.0,0.0,0.004834949388168752,0.0015948348445817828,0.019577497616410255,0.5437175035476685,0.0018721320666372776,0.0027568398509174585,0.42857142857142855,0.3333333333333333,0.0015944697661325336,False,real-only
245,0.008270189049653709,0.008270189049653709,0.0,0.0,0.00483451213221997,0.0015944157494232059,0.01956336572766304,0.5441401600837708,0.0018717481289058924,0.0027564428746700287,0.42857142857142855,0.3333333333333333,0.0015944157494232059,True,real-only
246,0.00843117933254689,0.00843117933254689,0.0,0.0,0.004834118648432195,0.0015936943236738443,0.019533997401595116,0.5447755455970764,0.0018711276352405548,0.0027558559086173773,0.42857142857142855,0.3333333333333333,0.0015936943236738443,True,real-only
247,0.008683447260409594,0.008683447260409594,0.0,0.0,0.004833614686504006,0.0015934285474941134,0.019527560099959373,0.545231282711029,0.0018708608113229275,0.0027555448468774557,0.42857142857142855,0.3333333333333333,0.0015934285474941134,True,real-only
248,0.0084302828181535,0.0084302828181535,0.0,0.0,0.004833146114833653,0.0015933774411678314,0.019531287252902985,0.5455792546272278,0.0018707670969888568,0.002755379769951105,0.42857142857142855,0.3333333333333333,0.0015933774411678314,True,real-only
249,0.008635478327050805,0.008635478327050805,0.0,0.0,0.004832882201299071,0.0015925888437777758,0.019496336579322815,0.5461883544921875,0.0018701156368479133,0.0027548102661967278,0.42857142857142855,0.3333333333333333,0.0015925888437777758,True,real-only
250,0.0084435063181445,0.0084435063181445,0.0,0.0,0.00483255903236568,0.0015920548466965556,0.01947501115500927,0.5466333031654358,0.0018696553306654096,0.002754372311756015,0.42857142857142855,0.3333333333333333,0.0015920548466965556,True,real-only
251,0.008549346239306033,0.008549346239306033,0.0,0.0,0.004832146922126412,0.0015917306300252676,0.019463755190372467,0.5470012426376343,0.0018693628953769803,0.0027540940791368484,0.42857142857142855,0.3333333333333333,0.0015917306300252676,True,real-only
252,0.008368365000933409,0.008368365000933409,0.0,0.0,0.004831728292629123,0.001591451233252883,0.01945534348487854,0.5473474264144897,0.0018691004952415824,0.0027538216672837734,0.42857142857142855,0.3333333333333333,0.001591451233252883,True,real-only
253,0.008472878485918045,0.008472878485918045,0.0,0.0,0.0048313121078535914,0.0015912376111373305,0.019450576975941658,0.5476306080818176,0.0018688858253881335,0.0027535767294466496,0.42857142857142855,0.3333333333333333,0.0015912376111373305,True,real-only
254,0.008402807638049126,0.008402807638049126,0.0,0.0,0.004831044003367424,0.0015908248024061322,0.019434746354818344,0.5479630827903748,0.001868523540906608,0.0027532274834811687,0.42857142857142855,0.3333333333333333,0.0015908248024061322,True,real-only
255,0.008526149031240493,0.008526149031240493,0.0,0.0,0.004830556805245578,0.0015908601926639676,0.019442284479737282,0.5481184124946594,0.0018684979295358062,0.002753117121756077,0.42857142857142855,0.3333333333333333,0.0015908248024061322,False,real-only
256,0.008633219986222684,0.008633219986222684,0.0,0.0,0.004830089979805052,0.001590923871845007,0.019451044499874115,0.5482645630836487,0.0018684971146285534,0.002753032837063074,0.42857142857142855,0.3333333333333333,0.0015908248024061322,False,real-only
257,0.008575477404519916,0.008575477404519916,0.0,0.0,0.0048298093024641275,0.0015907293418422341,0.019446099177002907,0.5484579801559448,0.0018683051457628608,0.00275280955247581,0.42857142857142855,0.3333333333333333,0.0015907293418422341,True,real-only
258,0.008458020049147308,0.008458020049147308,0.0,0.0,0.004829620709642768,0.0015904047759249806,0.019434714689850807,0.5487017631530762,0.001868012361228466,0.0027525059413164854,0.42857142857142855,0.3333333333333333,0.0015904047759249806,True,real-only
259,0.008507329504936934,0.008507329504936934,0.0,0.0,0.004829219076782465,0.0015904679894447327,0.019443465396761894,0.5487865209579468,0.0018680131761357188,0.0027524197939783335,0.42857142857142855,0.3333333333333333,0.0015904047759249806,False,real-only
260,0.00831459544133395,0.00831459544133395,0.0,0.0,0.004828974371775985,0.0015902603045105934,0.01943756453692913,0.5489996671676636,0.001867812592536211,0.0027521944139152765,0.42857142857142855,0.3333333333333333,0.0015902603045105934,True,real-only
261,0.008482204051688313,0.008482204051688313,0.0,0.0,0.004828673438169062,0.0015902025625109673,0.019440004602074623,0.5491353273391724,0.0018677215557545424,0.0027520405128598213,0.42857142857142855,0.3333333333333333,0.0015902025625109673,True,real-only
262,0.008547322126105428,0.008547322126105428,0.0,0.0,0.004828450619243085,0.001590046682395041,0.019436433911323547,0.5493184328079224,0.0018675653263926506,0.002751854946836829,0.42857142857142855,0.3333333333333333,0.001590046682395041,True,real-only
263,0.008352455333806574,0.008352455333806574,0.0,0.0,0.004828216740861535,0.0015899678692221642,0.01943623088300228,0.5494660139083862,0.0018674723105505109,0.0027517250273376703,0.42857142857142855,0.3333333333333333,0.0015899678692221642,True,real-only
264,0.008363919681869447,0.008363919681869447,0.0,0.0,0.004828031756915152,0.0015897658886387944,0.019430210813879967,0.5496333837509155,0.0018672806909307837,0.002751507330685854,0.42857142857142855,0.3333333333333333,0.0015897658886387944,True,real-only
265,0.008545741904526949,0.008545741904526949,0.0,0.0,0.004827841650694609,0.001589656458236277,0.01942852884531021,0.5497689843177795,0.001867163460701704,0.0027513569220900536,0.42857142857142855,0.3333333333333333,0.001589656458236277,True,real-only
266,0.008491626591421664,0.008491626591421664,0.0,0.0,0.004827598109841347,0.0015897261910140514,0.01943618431687355,0.5498412251472473,0.0018671819707378745,0.002751308958977461,0.42857142857142855,0.3333333333333333,0.001589656458236277,False,real-only
267,0.008456579758785665,0.008456579758785665,0.0,0.0,0.004827412543818355,0.0015896568074822426,0.01943683996796608,0.5499765276908875,0.0018670930294319987,0.0027511741500347853,0.42857142857142855,0.3333333333333333,0.001589656458236277,False,real-only
268,0.008593221893534064,0.008593221893534064,0.0,0.0,0.004827231867238879,0.0015895403921604156,0.019434237852692604,0.5501328110694885,0.0018669749842956662,0.0027510356158018112,0.42857142857142855,0.3333333333333333,0.0015895403921604156,True,real-only
269,0.00842489895876497,0.00842489895876497,0.0,0.0,0.004827113472856581,0.0015893601812422276,0.019427794963121414,0.5503064393997192,0.0018668131669983268,0.002750873565673828,0.42857142857142855,0.3333333333333333,0.0015893601812422276,True,real-only
270,0.00848754437174648,0.00848754437174648,0.0,0.0,0.004827027907595038,0.001589113031513989,0.019417421892285347,0.5505038499832153,0.0018666035030037165,0.0027506821788847446,0.42857142857142855,0.3333333333333333,0.001589113031513989,True,real-only
271,0.008679011254571378,0.008679011254571378,0.0,0.0,0.004826926742680371,0.0015889585483819246,0.019411692395806313,0.5506663918495178,0.001866465900093317,0.002750547369942069,0.42857142857142855,0.3333333333333333,0.0015889585483819246,True,real-only
272,0.008601013803854585,0.008601013803854585,0.0,0.0,0.004826836637221277,0.0015888187335804105,0.01940656639635563,0.5507864952087402,0.0018663402879610658,0.0027504200115799904,0.42857142857142855,0.3333333333333333,0.0015888187335804105,True,real-only
273,0.008373161428608,0.008373161428608,0.0,0.0,0.004826818127185106,0.0015886053442955017,0.01939724199473858,0.5509380102157593,0.0018661621725186706,0.002750262152403593,0.42857142857142855,0.3333333333333333,0.0015886053442955017,True,real-only
274,0.008548779180273414,0.008548779180273414,0.0,0.0,0.004826786695048213,0.0015883916057646275,0.019387781620025635,0.5510884523391724,0.00186598498839885,0.002750108949840069,0.42857142857142855,0.3333333333333333,0.0015883916057646275,True,real-only
275,0.008647511946037412,0.008647511946037412,0.0,0.0,0.004826730350032449,0.001588259357959032,0.019382502883672714,0.5512120127677917,0.001865870668552816,0.0027500027790665627,0.42857142857142855,0.3333333333333333,0.001588259357959032,True,real-only
276,0.008350218064151704,0.008350218064151704,0.0,0.0,0.0048266504891216755,0.001588188111782074,0.01938045397400856,0.5512863397598267,0.0018658031476661563,0.0027499303687363863,0.42857142857142855,0.3333333333333333,0.001588188111782074,True,real-only
277,0.008624660549685359,0.008624660549685359,0.0,0.0,0.004826512536965311,0.0015882073203101754,0.019383030012249947,0.5513195991516113,0.0018658043118193746,0.00274990894831717,0.42857142857142855,0.3333333333333333,0.001588188111782074,False,real-only
278,0.008464336628094316,0.008464336628094316,0.0,0.0,0.0048263962380588055,0.001588201615959406,0.019384456798434258,0.551363468170166,0.0018657854525372386,0.0027498698327690363,0.42857142857142855,0.3333333333333333,0.001588188111782074,False,real-only
279,0.008220799849368632,0.008220799849368632,0.0,0.0,0.004826314747333527,0.001588142360560596,0.019382942467927933,0.5514326095581055,0.0018657267792150378,0.002749802079051733,0.42857142857142855,0.3333333333333333,0.001588142360560596,True,real-only
280,0.008604509988799691,0.008604509988799691,0.0,0.0,0.004826208809390664,0.001588153070770204,0.019384877756237984,0.5514832139015198,0.0018657229375094175,0.002749777166172862,0.42857142857142855,0.3333333333333333,0.001588142360560596,False,real-only
281,0.008419254212640226,0.008419254212640226,0.0,0.0,0.004826101940125227,0.0015881824074313045,0.019387610256671906,0.5515134334564209,0.0018657345790416002,0.0027497659903019667,0.42857142857142855,0.3333333333333333,0.001588142360560596,False,real-only
282,0.00845800549723208,0.00845800549723208,0.0,0.0,0.004826013115234673,0.0015881732106208801,0.019388346001505852,0.551555335521698,0.0018657167674973607,0.002749732928350568,0.42857142857142855,0.3333333333333333,0.001588142360560596,False,real-only
283,0.008532485226169229,0.008532485226169229,0.0,0.0,0.0048259468749165535,0.0015881493454799056,0.01938808709383011,0.5515968799591064,0.0018656901083886623,0.0027496973052620888,0.42857142857142855,0.3333333333333333,0.001588142360560596,False,real-only
284,0.00834229658357799,0.00834229658357799,0.0,0.0,0.004825874464586377,0.0015881559811532497,0.01938929408788681,0.5516217350959778,0.0018656875472515821,0.0027496819384396076,0.42857142857142855,0.3333333333333333,0.001588142360560596,False,real-only
285,0.008242418291047215,0.008242418291047215,0.0,0.0,0.004825805546715856,0.0015881676226854324,0.019390732049942017,0.5516419410705566,0.0018656899919733405,0.002749672159552574,0.42857142857142855,0.3333333333333333,0.001588142360560596,False,real-only
286,0.008510973246302456,0.008510973246302456,0.0,0.0,0.004825742682442069,0.001588204177096486,0.019393427297472954,0.5516495108604431,0.0018657108303159475,0.0027496761176735163,0.42857142857142855,0.3333333333333333,0.001588142360560596,False,real-only
287,0.008694306947290897,0.008694306947290897,0.0,0.0,0.004825709736905992,0.0015881763538345695,0.01939263381063938,0.5516818761825562,0.0018656845204532146,0.0027496470138430595,0.42857142857142855,0.3333333333333333,0.001588142360560596,False,real-only
288,0.008605805225670338,0.008605805225670338,0.0,0.0,0.004825675045140088,0.0015881659928709269,0.019392646849155426,0.5517070889472961,0.00186567148193717,0.002749630017206073,0.42857142857142855,0.3333333333333333,0.001588142360560596,False,real-only
289,0.008410812821239233,0.008410812821239233,0.0,0.0,0.004825649783015251,0.0015881407307460904,0.019391799345612526,0.5517310500144958,0.001865648664534092,0.0027496067341417074,0.42857142857142855,0.3333333333333333,0.0015881407307460904,True,real-only
290,0.008508846280165017,0.008508846280165017,0.0,0.0,0.004825626499950886,0.0015881259460002184,0.01939145289361477,0.5517477989196777,0.0018656341126188636,0.002749590203166008,0.42857142857142855,0.3333333333333333,0.0015881259460002184,True,real-only
291,0.008616588078439236,0.008616588078439236,0.0,0.0,0.004825604613870382,0.001588126178830862,0.01939181610941887,0.5517598390579224,0.001865631202235818,0.002749582752585411,0.42857142857142855,0.3333333333333333,0.0015881259460002184,False,real-only
292,0.00848559639416635,0.00848559639416635,0.0,0.0,0.004825583309866488,0.0015881326980888844,0.01939244009554386,0.5517674684524536,0.00186563387978822,0.002749580889940262,0.42857142857142855,0.3333333333333333,0.0015881259460002184,False,real-only
293,0.00872753607109189,0.00872753607109189,0.0,0.0,0.0048255647998303175,0.0015881392173469067,0.019393032416701317,0.551773190498352,0.0018656369065865874,0.002749580191448331,0.42857142857142855,0.3333333333333333,0.0015881259460002184,False,real-only
294,0.008654321427457035,0.008654321427457035,0.0,0.0,0.004825550480745733,0.0015881438739597797,0.019393427297472954,0.5517768263816833,0.0018656390020623803,0.002749580191448331,0.42857142857142855,0.3333333333333333,0.0015881259460002184,False,real-only
295,0.008494518580846488,0.008494518580846488,0.0,0.0,0.004825541167519987,0.0015881458530202508,0.019393645226955414,0.5517796277999878,0.001865639816969633,0.0027495790272951126,0.42857142857142855,0.3333333333333333,0.0015881259460002184,False,real-only
296,0.008497488684952259,0.008497488684952259,0.0,0.0,0.004825536976568401,0.001588143641129136,0.01939360983669758,0.551781952381134,0.0018656377214938402,0.002749576698988676,0.42857142857142855,0.3333333333333333,0.0015881259460002184,False,real-only
297,0.008577028522267938,0.008577028522267938,0.0,0.0,0.004825534066185355,0.0015881422441452742,0.019393574446439743,0.5517840385437012,0.0018656359752640128,0.0027495743706822395,0.42857142857142855,0.3333333333333333,0.0015881259460002184,False,real-only
298,0.008657892933115363,0.008657892933115363,0.0,0.0,0.004825532203540206,0.001588142360560596,0.019393611699342728,0.5517842173576355,0.001865635858848691,0.0027495739050209522,0.42857142857142855,0.3333333333333333,0.0015881259460002184,False,real-only
299,0.008690897026099265,0.008690897026099265,0.0,0.0,0.0048255318542942405,0.0015881424769759178,0.01939362846314907,0.5517842173576355,0.001865635858848691,0.002749573439359665,0.42857142857142855,0.3333333333333333,0.0015881259460002184,False,real-only
300,0.008477744064293802,0.008477744064293802,0.0,0.0,0.004825531621463597,0.0015881425933912396,0.01939363405108452,0.5517841577529907,0.0018656359752640128,0.002749573439359665,0.42857142857142855,0.3333333333333333,0.0015881259460002184,False,real-only
